{"train_acc": 0.8391553163528442, "val_acc": 0.7082286477088928, "test_acc": 0.6925253868103027, "ftrain_acc": 0.032439012080430984, "fval_acc": 0.03169144690036774, "ftest_acc": 0.05171740800142288, "knn_f_l2": {}, "knn_f_ip": {}, "knn_l_l2": {}, "knn_l_ip": {}, "rcn_l2": {}, "rcn_ip": {}, "frcn_l2": {}, "femb_l2": {}, "flgt_l2": {}, "frcn_ip": {}, "femb_ip": {}, "flgt_ip": {}, "dataset_name": "QPM_species", "model_name": "resnet_ce_mse", "ood": ""}