{"train_acc": 0.7781205773353577, "val_acc": 0.7797325849533081, "test_acc": 0.7649542689323425, "ftrain_acc": 0.6616041660308838, "fval_acc": 0.66291344165802, "ftest_acc": 0.6586910486221313, "knn_f_l2": {}, "knn_f_ip": {}, "knn_l_l2": {}, "knn_l_ip": {}, "rcn_l2": {}, "rcn_ip": {}, "frcn_l2": {}, "femb_l2": {}, "flgt_l2": {}, "frcn_ip": {}, "femb_ip": {}, "flgt_ip": {}, "dataset_name": "rbc_phase", "model_name": "resnet_ce_mse", "ood": ""}