{"train_acc": 0.825566828250885, "val_acc": 0.7649575471878052, "test_acc": 0.5571796894073486, "ftrain_acc": 0.322102814912796, "fval_acc": 0.3214620053768158, "ftest_acc": 0.28601112961769104, "knn_f_l2": {}, "knn_f_ip": {}, "knn_l_l2": {}, "knn_l_ip": {}, "rcn_l2": {}, "rcn_ip": {}, "frcn_l2": {}, "femb_l2": {}, "flgt_l2": {}, "frcn_ip": {}, "femb_ip": {}, "flgt_ip": {}, "dataset_name": "QPM2_species", "model_name": "resnet_edl_mse", "ood": ""}