{"train_acc": 0.8811057806015015, "val_acc": 0.7490836381912231, "test_acc": 0.7238973379135132, "ftrain_acc": 0.2689968943595886, "fval_acc": 0.2597710192203522, "ftest_acc": 0.3317720592021942, "knn_f_l2": {}, "knn_f_ip": {}, "knn_l_l2": {}, "knn_l_ip": {}, "rcn_l2": {}, "rcn_ip": {}, "frcn_l2": {}, "femb_l2": {}, "flgt_l2": {}, "frcn_ip": {}, "femb_ip": {}, "flgt_ip": {}, "dataset_name": "QPM_species", "model_name": "resnet_edl_mse", "ood": ""}