{"train_acc": 0.9195094704627991, "val_acc": 0.8328912258148193, "test_acc": 0.7256944179534912, "ftrain_acc": 0.7016722559928894, "fval_acc": 0.7020335793495178, "ftest_acc": 0.5055555701255798, "knn_f_l2": {}, "knn_f_ip": {}, "knn_l_l2": {}, "knn_l_ip": {}, "rcn_l2": {}, "rcn_ip": {}, "frcn_l2": {}, "femb_l2": {}, "flgt_l2": {}, "frcn_ip": {}, "femb_ip": {}, "flgt_ip": {}, "dataset_name": "rbc2_phase", "model_name": "resnet_ce_mse", "ood": ""}