{"train_acc": 0.9909144639968872, "val_acc": 0.974206805229187, "test_acc": 0.9366580843925476, "knn_f_l2": {"kld": 0.17630961722804844, "emd": 0.49335879091206264, "auc": 0.5074860832645821}, "knn_f_ip": {"kld": 0.33828515920346514, "emd": 599.7759936931276, "auc": 0.7164085255265816}, "knn_l_l2": {"kld": 0.12486949163803791, "emd": 0.0025859883800500114, "auc": 0.636223163911019}, "knn_l_ip": {"kld": 0.30369054531676626, "emd": 271.77344066022357, "auc": 0.663236126099735}, "dataset_name": "QPM2_species", "model_name": "resnet50_vicreg_ce", "ood": "0:1"}