{"train_acc": 0.9705122113227844, "val_acc": 0.9836781024932861, "test_acc": 0.9651639461517334, "knn_f_l2": {"kld": 3.007719324688006, "emd": 0.51662865336225, "auc": 0.8258462861250461}, "knn_f_ip": {"kld": 0.9930476997379297, "emd": 650.4314589821794, "auc": 0.7156304958189008}, "knn_l_l2": {"kld": 1.3267719707949592, "emd": 1.063058101844228, "auc": 0.8258584169739814}, "knn_l_ip": {"kld": 0.8288656894163522, "emd": 1985.1389132987824, "auc": 0.6586666828411318}, "rcn_l2": {"kld": 2.4234841481339378, "emd": 0.0003146312147134328, "auc": 0.7323843354658744}, "rcn_ip": {"kld": 0.36814869148743395, "emd": 0.009054545087498938, "auc": 0.702723622479894}, "dataset_name": "QPM_species", "model_name": "resnet_edl_mse", "ood": "0:2:3"}