{"knn_u_l2": {"kld": 1.4588078803486981, "emd": 90.64409424995983, "auc": 0.8614983312163501}, "knn_u_ip": {"kld": 1.0705247943587084, "emd": 65.2503935029047, "auc": 0.8388750733405292}, "knn_v_l2": {"kld": 0.8188354623591504, "emd": 0.3545468787781444, "auc": 0.7684170431194182}, "knn_v_ip": {"kld": 0.1973986403613863, "emd": 0.10197129782638617, "auc": 0.6680675442457453}, "rcn_l2": {"kld": 0.889776928688609, "emd": 0.0024332942157538925, "auc": 0.7793090760642265}, "rcn_ip": {"kld": 0.5963934356421584, "emd": 0.01737091785017346, "auc": 0.7689469491177514}, "dataset_name": "MNIST", "model_name": "flow_ss_vcr_mse", "ood": "5:6:7:8:9"}