{"train_acc": 0.5178499817848206, "val_acc": 0.5055999755859375, "test_acc": 0.5022000074386597, "knn_f_l2": {"kld": 0.013859222231946196, "emd": 2.453584786955517, "auc": 0.5249045866666666}, "knn_f_ip": {"kld": 0.035699659752309765, "emd": 116.36754160766601, "auc": 0.5609910766666666}, "knn_l_l2": {"kld": 0.07550642559067154, "emd": 20.90412330438295, "auc": 0.5326035199999999}, "knn_l_ip": {"kld": 0.02947866435789755, "emd": 953.664589123535, "auc": 0.55651148}, "knn_f_fp_l2": {"kld": 0.020688469963443017, "emd": 0.780540427684786, "auc": 0.5220334866666667}, "knn_f_fp_ip": {"kld": 0.03212716047237385, "emd": 105.62757090555827, "auc": 0.55215316}, "knn_l_fp_l2": {"kld": 0.018151174366793907, "emd": 2.9622012023607827, "auc": 0.5149412633333333}, "knn_l_fp_ip": {"kld": 0.02855628889241467, "emd": 853.0109623046874, "auc": 0.5501129499999999}, "rcn_l2": {"kld": 0.14537825871683277, "emd": 0.0022046111517585805, "auc": 0.55255955}, "emb_l2": {"kld": 0.2177999465507736, "emd": 0.3761371928631328, "auc": 0.5683560933333334}, "lgt_l2": {"kld": 0.4897364103664244, "emd": 428.3355680125882, "auc": 0.57374766}, "rcn_ip": {"kld": 0.06465858349783235, "emd": 0.00317121942838033, "auc": 0.5161819666666667}, "emb_ip": {"kld": 0.06490351946604477, "emd": 0.03336679228072365, "auc": 0.5139129966666667}, "lgt_ip": {"kld": 0.046822797781458356, "emd": 0.04037400982420659, "auc": 0.5343812699999999}, "dataset_name": "CIFAR10", "model_name": "resnet_edl_mse", "ood": "0:1:2:3:4"}