{"train_acc": 0.6344000101089478, "val_acc": 0.5898000001907349, "test_acc": 0.5892000198364258, "knn_f_l2": {"kld": 0.04012667233336501, "emd": 2.5317481962839743, "auc": 0.5563554166666667}, "knn_f_ip": {"kld": 0.03365553690796701, "emd": 18.730917413838704, "auc": 0.5219833533333333}, "knn_l_l2": {"kld": 0.033327727252665966, "emd": 1.6012196458737016, "auc": 0.5377578633333333}, "knn_l_ip": {"kld": 0.018669450285344447, "emd": 33.72176803512574, "auc": 0.5287577933333334}, "knn_f_fp_l2": {"kld": 0.04035517246730267, "emd": 0.8103220503171277, "auc": 0.531259}, "knn_f_fp_ip": {"kld": 0.03283314484535189, "emd": 19.579652938842777, "auc": 0.5266518466666666}, "knn_l_fp_l2": {"kld": 0.06592644720416188, "emd": 0.4350366967439645, "auc": 0.5107666033333333}, "knn_l_fp_ip": {"kld": 0.01743112440325614, "emd": 26.249078537495937, "auc": 0.51994217}, "rcn_l2": {"kld": 0.07832698726486184, "emd": 0.0033951879013174517, "auc": 0.5853098133333334}, "emb_l2": {"kld": 0.051673367729569264, "emd": 0.007694437299668786, "auc": 0.5097401666666667}, "lgt_l2": {"kld": 0.3089827807577925, "emd": 1.9246072663500886, "auc": 0.5003705133333334}, "rcn_ip": {"kld": 0.03986972226725845, "emd": 0.004128689932823181, "auc": 0.5423647}, "emb_ip": {"kld": 0.026291693182258213, "emd": 0.007605581786235174, "auc": 0.5198167766666667}, "lgt_ip": {"kld": 0.036909508870898326, "emd": 0.0376000810320334, "auc": 0.5516461066666667}, "dataset_name": "CIFAR10", "model_name": "resnet_ce_mse", "ood": "5:6:7:8:9"}