{"train_acc": 0.8517147302627563, "val_acc": 0.786201000213623, "test_acc": 0.7688980102539062, "knn_f_l2": {"kld": 0.7109848357457784, "emd": 10.088856118800438, "auc": 0.6435715909826112}, "knn_f_ip": {"kld": 0.12546251546972795, "emd": 59.83497931766159, "auc": 0.591750334531488}, "knn_l_l2": {"kld": 0.03633712239169895, "emd": 0.1438553159572542, "auc": 0.6461080756772124}, "knn_l_ip": {"kld": 0.3431682753644202, "emd": 20.879925179575146, "auc": 0.6222175642872785}, "dataset_name": "QPM_species", "model_name": "resnet50_vicreg_ce", "ood": "1:4"}