{"train_acc": 0.7802562713623047, "val_acc": 0.8001407384872437, "test_acc": 0.784658670425415, "ftrain_acc": 0.691267192363739, "fval_acc": 0.7156931757926941, "ftest_acc": 0.6952850222587585, "knn_f_l2": {}, "knn_f_ip": {}, "knn_l_l2": {}, "knn_l_ip": {}, "rcn_l2": {}, "rcn_ip": {}, "frcn_l2": {}, "femb_l2": {}, "flgt_l2": {}, "frcn_ip": {}, "femb_ip": {}, "flgt_ip": {}, "dataset_name": "rbc_phase", "model_name": "resnet_edl_mse", "ood": ""}