{"train_acc": 0.8750249743461609, "val_acc": 0.7114999890327454, "test_acc": 0.6996999979019165, "ftrain_acc": 0.24662500619888306, "fval_acc": 0.24310000240802765, "ftest_acc": 0.23350000381469727, "knn_f_l2": {}, "knn_f_ip": {}, "knn_l_l2": {}, "knn_l_ip": {}, "rcn_l2": {}, "rcn_ip": {}, "frcn_l2": {}, "femb_l2": {}, "flgt_l2": {}, "frcn_ip": {}, "femb_ip": {}, "flgt_ip": {}, "dataset_name": "CIFAR10", "model_name": "resnet_edl_mse", "ood": ""}