{"train_acc": 0.9185686111450195, "val_acc": 0.7749181389808655, "test_acc": 0.5416718125343323, "ftrain_acc": 0.327969491481781, "fval_acc": 0.32841432094573975, "ftest_acc": 0.368351548910141, "knn_f_l2": {}, "knn_f_ip": {}, "knn_l_l2": {}, "knn_l_ip": {}, "rcn_l2": {}, "rcn_ip": {}, "frcn_l2": {}, "femb_l2": {}, "flgt_l2": {}, "frcn_ip": {}, "femb_ip": {}, "flgt_ip": {}, "dataset_name": "QPM2_species", "model_name": "resnet_ce_mse", "ood": ""}