{"train_acc": 0.9996500015258789, "val_acc": 0.9577999711036682, "test_acc": 0.9485999941825867, "knn_f_l2": {"kld": 0.3851251885977774, "emd": 44.31296478509107, "auc": 0.63971791}, "knn_f_ip": {"kld": 0.7315893183340724, "emd": 1921.0863238962174, "auc": 0.8272962266666667}, "knn_l_l2": {"kld": 0.0916036632059561, "emd": 0.5583536590823288, "auc": 0.5742135866666667}, "knn_l_ip": {"kld": 0.7091232645848388, "emd": 687.1182208507539, "auc": 0.8141828966666667}, "dataset_name": "CIFAR10", "model_name": "resnet50_vicreg_ce", "ood": "0:1:2:3:4"}