{"train_acc": 0.8852319717407227, "val_acc": 0.8250243663787842, "test_acc": 0.6315205097198486, "knn_f_l2": {"kld": 0.11281749493793522, "emd": 0.10799005193139558, "auc": 0.5752390801901446}, "knn_f_ip": {"kld": 1.1734841121823987, "emd": 9.837143367132006, "auc": 0.5978694786002976}, "knn_l_l2": {"kld": 0.08474087810222553, "emd": 0.00035321300616466183, "auc": 0.6155776046805636}, "knn_l_ip": {"kld": 0.15665804997755572, "emd": 2.535951164836151, "auc": 0.5206635015529295}, "rcn_l2": {"kld": 0.43668472112130974, "emd": 1.096290906827292e-05, "auc": 0.5658840215805516}, "rcn_ip": {"kld": 1.090596675361697, "emd": 0.005875449763594765, "auc": 0.6236947339586674}, "dataset_name": "QPM2_species", "model_name": "resnet_ce_mse", "ood": "2:3"}