{"knn_u_l2": {"kld": 0.7227843506148542, "emd": 25.382993047300367, "auc": 0.6225093559172414}, "knn_u_ip": {"kld": 0.13841095040849707, "emd": 9.549702930971575, "auc": 0.5474310361238018}, "knn_v_l2": {"kld": 1.6828114210593015, "emd": 2.8207506351491016, "auc": 0.7244411566733355}, "knn_v_ip": {"kld": 0.23976475449799556, "emd": 4.430406675629915, "auc": 0.6960350728504135}, "rcn_l2": {"kld": 1.2834536411759252, "emd": 0.0007320250104050556, "auc": 0.7171794244316543}, "rcn_ip": {"kld": 0.5019093837370041, "emd": 0.03267517554588982, "auc": 0.7335034743217923}, "dataset_name": "QPM_species", "model_name": "flow_ss_vcr_mse", "ood": "0:2:3"}