{"train_acc": 0.540149986743927, "val_acc": 0.5239999890327454, "test_acc": 0.5049999952316284, "knn_f_l2": {"kld": 0.027787783760945293, "emd": 1.4412782002925846, "auc": 0.53266086}, "knn_f_ip": {"kld": 0.02343445854545479, "emd": 69.44821293182375, "auc": 0.5295181033333334}, "knn_l_l2": {"kld": 0.07389737993720895, "emd": 7.396964458131776, "auc": 0.5335782166666666}, "knn_l_ip": {"kld": 0.012024461138400874, "emd": 284.671347064209, "auc": 0.51775441}, "knn_f_fp_l2": {"kld": 0.0339232744674085, "emd": 0.45612694870630505, "auc": 0.5059687633333333}, "knn_f_fp_ip": {"kld": 0.0333423555047645, "emd": 145.6310458307902, "auc": 0.5499993466666666}, "knn_l_fp_l2": {"kld": 0.03665602090315065, "emd": 2.0836249908446978, "auc": 0.5003230566666667}, "knn_l_fp_ip": {"kld": 0.01884697714469472, "emd": 823.9073459330242, "auc": 0.5362222600000001}, "rcn_l2": {"kld": 0.07541602901274722, "emd": 0.003129310974401111, "auc": 0.5704482033333333}, "emb_l2": {"kld": 0.11183338957989873, "emd": 0.13573790230602029, "auc": 0.53811439}, "lgt_l2": {"kld": 0.3849387509172086, "emd": 160.2796445680062, "auc": 0.5408727433333334}, "rcn_ip": {"kld": 0.04593958999837677, "emd": 0.004975740466515223, "auc": 0.5429247899999999}, "emb_ip": {"kld": 0.028276522701637892, "emd": 0.02399109209527572, "auc": 0.5211377466666667}, "lgt_ip": {"kld": 0.024929217467346367, "emd": 0.018894403775893926, "auc": 0.50283669}, "dataset_name": "CIFAR10", "model_name": "z_resnet_edl_mse", "ood": "5:6:7:8:9"}