{"train_acc": 0.9972500205039978, "val_acc": 0.907800018787384, "test_acc": 0.9031999707221985, "knn_f_l2": {"kld": 0.3321179291421276, "emd": 5.79969538509051, "auc": 0.6906461666666667}, "knn_f_ip": {"kld": 0.5085218747199702, "emd": 653.114686654663, "auc": 0.7713495533333333}, "knn_l_l2": {"kld": 0.40738717122270407, "emd": 27.431224085251493, "auc": 0.67168622}, "knn_l_ip": {"kld": 0.48063072609503377, "emd": 5895.615787532552, "auc": 0.76646205}, "rcn_l2": {"kld": 0.06475721389998391, "emd": 0.00024939603607829946, "auc": 0.5566530333333333}, "rcn_ip": {"kld": 0.06173389491844559, "emd": 0.00036477577487627666, "auc": 0.52283377}, "dataset_name": "CIFAR10", "model_name": "resnet_edl_mse", "ood": "0:1:2:3:4"}