{"train_acc": 0.9947500228881836, "val_acc": 0.8425999879837036, "test_acc": 0.8263999819755554, "knn_f_l2": {"kld": 0.09694426760091536, "emd": 2.7013433424949653, "auc": 0.59627177}, "knn_f_ip": {"kld": 0.08752130949917913, "emd": 256.05792798461914, "auc": 0.6078552366666667}, "knn_l_l2": {"kld": 0.09865895422502854, "emd": 14.940741341455773, "auc": 0.5987129166666666}, "knn_l_ip": {"kld": 0.0863984704863145, "emd": 2558.3420333007816, "auc": 0.6086628366666667}, "rcn_l2": {"kld": 0.06980581779330554, "emd": 0.0003372256943645576, "auc": 0.5686188333333334}, "rcn_ip": {"kld": 0.02967807172309194, "emd": 0.0004902391811211904, "auc": 0.5408510566666667}, "dataset_name": "CIFAR10", "model_name": "resnet_edl_mse", "ood": "5:6:7:8:9"}