{"train_acc": 1.0, "val_acc": 0.9971093535423279, "test_acc": 0.9983542561531067, "knn_f_l2": {"kld": 2.241730419428231, "emd": 6.937306347120858, "auc": 0.9074278198217138}, "knn_f_ip": {"kld": 1.0789882580112256, "emd": 8692.287640920646, "auc": 0.970770676521298}, "knn_l_l2": {"kld": 1.8783218474543533, "emd": 14.541397511643243, "auc": 0.9307111737360609}, "knn_l_ip": {"kld": 0.47732208197486137, "emd": 50815.15433672238, "auc": 0.8479308834860557}, "dataset_name": "MNIST", "model_name": "resnet50_vicreg_ce", "ood": "0:1:2:3:4"}