{"train_acc": 0.7951791882514954, "val_acc": 0.7961230874061584, "test_acc": 0.7977782487869263, "knn_f_l2": {"kld": 1.2775923608944189, "emd": 10.420256124865613, "auc": 0.8690782082454714}, "knn_f_ip": {"kld": 1.379693979796662, "emd": 657.4545182767288, "auc": 0.6575150395490221}, "knn_l_l2": {"kld": 0.3658098281999833, "emd": 50.06042607982873, "auc": 0.8605612492954046}, "knn_l_ip": {"kld": 1.6655740918364703, "emd": 6341.900945323005, "auc": 0.6787183721448143}, "rcn_l2": {"kld": 0.1582570485941802, "emd": 0.00048029408113547695, "auc": 0.6299565733462742}, "rcn_ip": {"kld": 0.3113732169059709, "emd": 0.0031514488342736504, "auc": 0.674668868563125}, "dataset_name": "MNIST", "model_name": "resnet_edl_mse", "ood": "0:1:2:3:4"}