{"train_acc": 0.3512646555900574, "val_acc": 0.3446977436542511, "test_acc": 0.3854735791683197, "knn_f_l2": {"kld": 0.20033563602898555, "emd": 1.851718414758074, "auc": 0.6032475507349427}, "knn_f_ip": {"kld": 0.4500927742142695, "emd": 11.568714578729296, "auc": 0.6574218127905183}, "knn_l_l2": {"kld": 0.027758729256387178, "emd": 0.020301536814813507, "auc": 0.5259372811003862}, "knn_l_ip": {"kld": 0.21935232699881674, "emd": 14.97127211544466, "auc": 0.6748241279630377}, "knn_f_fp_l2": {"kld": 0.476221008653272, "emd": 0.9250890684461659, "auc": 0.673873615683508}, "knn_f_fp_ip": {"kld": 0.7385705190789692, "emd": 31.131719091116622, "auc": 0.6989099868458051}, "knn_l_fp_l2": {"kld": 0.18310625670460143, "emd": 0.013669586654159651, "auc": 0.6482934072879651}, "knn_l_fp_ip": {"kld": 0.215966039873846, "emd": 16.591082880772205, "auc": 0.6735810658754866}, "rcn_l2": {"kld": 2.054158843733532, "emd": 0.00219416917016862, "auc": 0.6814541909594694}, "emb_l2": {"kld": 0.4508351799392394, "emd": 0.015896995302513657, "auc": 0.6858749230935283}, "lgt_l2": {"kld": 1.22507023646204, "emd": 3.469458241056493, "auc": 0.6155415926373834}, "rcn_ip": {"kld": 1.6721584020660094, "emd": 0.09074751866849068, "auc": 0.7380091709995571}, "emb_ip": {"kld": 0.08827103699788497, "emd": 0.026851480907314408, "auc": 0.5861467085429792}, "lgt_ip": {"kld": 0.213034317392694, "emd": 0.3092779605755835, "auc": 0.6682376699251993}, "dataset_name": "QPM_species", "model_name": "z_resnet_ce_mse", "ood": "1:4"}