{"train_acc": 0.9861220121383667, "val_acc": 0.9935471415519714, "test_acc": 0.9836065769195557, "knn_f_l2": {"kld": 0.3585201400162167, "emd": 3.3150480084921004, "auc": 0.6635062791917993}, "knn_f_ip": {"kld": 0.6758624260491296, "emd": 380.81122661331744, "auc": 0.5475266346007893}, "knn_l_l2": {"kld": 0.43589199617545415, "emd": 0.0025341902840631558, "auc": 0.7271929930972358}, "knn_l_ip": {"kld": 1.0217165640503134, "emd": 65.75269541907072, "auc": 0.8610669034981636}, "dataset_name": "QPM_species", "model_name": "resnet50_vicreg_ce", "ood": "0:2:3"}