{"train_acc": 0.8908283114433289, "val_acc": 0.8331443667411804, "test_acc": 0.6110275387763977, "knn_f_l2": {"kld": 0.11486849010290306, "emd": 1.0469679981967623, "auc": 0.5132546401651366}, "knn_f_ip": {"kld": 0.0637336397859627, "emd": 63.32921865300588, "auc": 0.5429604967798178}, "knn_l_l2": {"kld": 0.02048539874912442, "emd": 0.00013226262922153787, "auc": 0.5192139946074634}, "knn_l_ip": {"kld": 0.059156325627038375, "emd": 3.2483108909961684, "auc": 0.5520419077493903}, "dataset_name": "QPM2_species", "model_name": "resnet50_vicreg_ce", "ood": "2:3"}