{"train_acc": 1.0, "val_acc": 0.9962591528892517, "test_acc": 0.9975313544273376, "knn_f_l2": {"kld": 4.5714110849424765, "emd": 16.5215519902868, "auc": 0.9789716422405471}, "knn_f_ip": {"kld": 2.5510940443360806, "emd": 119.06854389326514, "auc": 0.9028265075090021}, "knn_l_l2": {"kld": 3.98702984762915, "emd": 19.268845634685093, "auc": 0.9775976109540482}, "knn_l_ip": {"kld": 3.6648640879457117, "emd": 181.4547718115045, "auc": 0.9670134999955529}, "rcn_l2": {"kld": 0.2664714729536379, "emd": 0.0007017462489719811, "auc": 0.6845416989970544}, "rcn_ip": {"kld": 0.43080590409666886, "emd": 0.004692764804608989, "auc": 0.7298427730677779}, "dataset_name": "MNIST", "model_name": "resnet_ce_mse", "ood": "0:1:2:3:4"}