{"knn_u_l2": {"kld": 0.11433992851017259, "emd": 49.08285811920165, "auc": 0.59366141}, "knn_u_ip": {"kld": 0.03388262045085763, "emd": 39.05870929565429, "auc": 0.5195798766666667}, "knn_v_l2": {"kld": 0.060349241315101144, "emd": 0.8758605273644128, "auc": 0.5686394533333334}, "knn_v_ip": {"kld": 0.03775992977422697, "emd": 0.1355430193106334, "auc": 0.5191588066666667}, "rcn_l2": {"kld": 0.08353970741454812, "emd": 0.0007640010792839649, "auc": 0.5623020333333333}, "rcn_ip": {"kld": 0.039747514438975395, "emd": 0.001370830629269282, "auc": 0.5450570866666666}, "dataset_name": "CIFAR10", "model_name": "flow_ss_vcr_mse", "ood": "5:6:7:8:9"}