{"knn_u_l2": {"kld": 0.7264343073600033, "emd": 8.407185005303289, "auc": 0.6397667500303196}, "knn_u_ip": {"kld": 0.06829727647381101, "emd": 8.783170871182476, "auc": 0.5280501114744253}, "knn_v_l2": {"kld": 0.8228362085996945, "emd": 0.37049749629769135, "auc": 0.604218762104024}, "knn_v_ip": {"kld": 0.012775040556488376, "emd": 2.917516256795305, "auc": 0.5711466976607724}, "rcn_l2": {"kld": 0.6135780919099078, "emd": 0.00019008517361402707, "auc": 0.6245837092811558}, "rcn_ip": {"kld": 0.42886052076446984, "emd": 0.023158757651981575, "auc": 0.5681089782425832}, "dataset_name": "QPM2_species", "model_name": "flow_ss_vcr_mse", "ood": "0:1"}