{"train_acc": 0.9998774528503418, "val_acc": 0.9986928105354309, "test_acc": 0.998637855052948, "knn_f_l2": {"kld": 2.206895770407272, "emd": 9.245053486177689, "auc": 0.9276704719550899}, "knn_f_ip": {"kld": 1.5923964613471777, "emd": 8537.505258184516, "auc": 0.8354766358505118}, "knn_l_l2": {"kld": 2.297985884587698, "emd": 9.220137029313856, "auc": 0.9581899283388884}, "knn_l_ip": {"kld": 2.3547328314590374, "emd": 2882.9305477616863, "auc": 0.7424921687520322}, "dataset_name": "MNIST", "model_name": "resnet50_vicreg_ce", "ood": "5:6:7:8:9"}