{"train_acc": 0.7347994446754456, "val_acc": 0.7301195859909058, "test_acc": 0.6847677826881409, "knn_f_l2": {"kld": 0.1740996481002532, "emd": 0.9926034671666668, "auc": 0.6123452986272856}, "knn_f_ip": {"kld": 0.09162045268226136, "emd": 51.38883670952801, "auc": 0.5598413708761334}, "knn_l_l2": {"kld": 0.22157360907200024, "emd": 1.0641871195661978, "auc": 0.5233263199918878}, "knn_l_ip": {"kld": 0.06306712127675487, "emd": 104.58855259309912, "auc": 0.5033377914203171}, "knn_f_fp_l2": {"kld": 0.5307164037514277, "emd": 0.49031756501088325, "auc": 0.6784107961911624}, "knn_f_fp_ip": {"kld": 0.08559420470317451, "emd": 11.664592332961558, "auc": 0.5136511320259389}, "knn_l_fp_l2": {"kld": 0.10476122277625248, "emd": 1.607460458324493, "auc": 0.5209068182836155}, "knn_l_fp_ip": {"kld": 0.02928936290198479, "emd": 20.01027571047588, "auc": 0.5067221816305354}, "rcn_l2": {"kld": 3.1549262587053706, "emd": 0.0042305897889297625, "auc": 0.7358283204155344}, "emb_l2": {"kld": 0.3055589115031878, "emd": 0.44245982564940317, "auc": 0.6766475364734191}, "lgt_l2": {"kld": 2.0229340176306296, "emd": 534.6188861932671, "auc": 0.6811150229210835}, "rcn_ip": {"kld": 0.08195716962680952, "emd": 0.012238229136788483, "auc": 0.5424916810370569}, "emb_ip": {"kld": 0.5306330907526983, "emd": 0.12072081802725004, "auc": 0.7049174981741517}, "lgt_ip": {"kld": 0.5198012628753355, "emd": 0.2748376719220177, "auc": 0.714503959866797}, "dataset_name": "QPM_species", "model_name": "resnet_edl_mse", "ood": "0:2:3"}