{"train_acc": 0.7289886474609375, "val_acc": 0.7298078536987305, "test_acc": 0.7368854284286499, "knn_f_l2": {"kld": 0.7735841315230528, "emd": 9.113102584061618, "auc": 0.7860528829917199}, "knn_f_ip": {"kld": 0.6064780521070807, "emd": 453.89661548551067, "auc": 0.6174467576548863}, "knn_l_l2": {"kld": 0.36226562781420446, "emd": 32.62640696004746, "auc": 0.777683165529062}, "knn_l_ip": {"kld": 0.6085354166353861, "emd": 4449.491865247728, "auc": 0.6458894441923129}, "knn_f_fp_l2": {"kld": 0.5692082047114926, "emd": 4.929651722203711, "auc": 0.7704257266230967}, "knn_f_fp_ip": {"kld": 0.5994001373347424, "emd": 440.8571870353298, "auc": 0.6151060658835568}, "knn_l_fp_l2": {"kld": 0.4143949020663565, "emd": 9.502026376140542, "auc": 0.7512455929233129}, "knn_l_fp_ip": {"kld": 0.6138610738792167, "emd": 4320.744696548373, "auc": 0.6446859607685514}, "rcn_l2": {"kld": 0.27441991617399114, "emd": 0.008680946910244078, "auc": 0.6949445630935416}, "emb_l2": {"kld": 0.16862547841443973, "emd": 0.22811164473235454, "auc": 0.597119902507564}, "lgt_l2": {"kld": 1.0706821723968831, "emd": 134.93256810217957, "auc": 0.5947801807558075}, "rcn_ip": {"kld": 0.4036130015641468, "emd": 0.04276444438481797, "auc": 0.727402842825138}, "emb_ip": {"kld": 0.7272925931706211, "emd": 0.0522363735079157, "auc": 0.7920825994981746}, "lgt_ip": {"kld": 0.7520464829997672, "emd": 0.14481169528387003, "auc": 0.8143267429474323}, "dataset_name": "MNIST", "model_name": "z_resnet_edl_mse", "ood": "0:1:2:3:4"}