{"train_acc": 0.9997957348823547, "val_acc": 0.9983659982681274, "test_acc": 0.9980540871620178, "knn_f_l2": {"kld": 5.33995130251141, "emd": 14.631266896697026, "auc": 0.9839888172854189}, "knn_f_ip": {"kld": 1.1514595148363296, "emd": 100.20625072401224, "auc": 0.7642993765015056}, "knn_l_l2": {"kld": 4.933459248574444, "emd": 18.07943303098665, "auc": 0.9828491871684377}, "knn_l_ip": {"kld": 1.623821813672961, "emd": 174.16220800025593, "auc": 0.8521037072208878}, "rcn_l2": {"kld": 0.8579376765017204, "emd": 0.0013935807545767212, "auc": 0.7313965044774388}, "rcn_ip": {"kld": 0.6704169229401414, "emd": 0.010302289826039986, "auc": 0.7897920375930569}, "dataset_name": "MNIST", "model_name": "resnet_ce_mse", "ood": "5:6:7:8:9"}