{"train_acc": 0.5455090999603271, "val_acc": 0.5522923469543457, "test_acc": 0.6044174432754517, "knn_f_l2": {"kld": 0.0032968670912023523, "emd": 0.9075380031866853, "auc": 0.501995263016362}, "knn_f_ip": {"kld": 0.02484383334019544, "emd": 6.298093701930515, "auc": 0.5587097313879078}, "knn_l_l2": {"kld": 0.02573619581526512, "emd": 0.014438209885758365, "auc": 0.5499141835387436}, "knn_l_ip": {"kld": 0.18584947064550472, "emd": 9.486653260136105, "auc": 0.6035805013818971}, "knn_f_fp_l2": {"kld": 0.028867133650874986, "emd": 0.07160399962396936, "auc": 0.5170798076437559}, "knn_f_fp_ip": {"kld": 0.008988076450647023, "emd": 5.040924990314962, "auc": 0.5260318007532059}, "knn_l_fp_l2": {"kld": 0.054891950843589096, "emd": 0.0003962057950251513, "auc": 0.5727154309550799}, "knn_l_fp_ip": {"kld": 0.2116691159483042, "emd": 11.487309855229322, "auc": 0.6038969929459065}, "rcn_l2": {"kld": 1.6723566440083986, "emd": 0.0022066193532817874, "auc": 0.6393691953053782}, "emb_l2": {"kld": 0.08506952230834328, "emd": 0.055381666465325274, "auc": 0.5804086789349256}, "lgt_l2": {"kld": 0.024581381769304845, "emd": 3.0016565510109556, "auc": 0.5874002445719686}, "rcn_ip": {"kld": 0.9937916578781673, "emd": 0.06327882211654622, "auc": 0.5723472979080988}, "emb_ip": {"kld": 1.8539515954967056, "emd": 0.07921685168262117, "auc": 0.580247604495114}, "lgt_ip": {"kld": 0.034215338842204554, "emd": 0.16854066480429128, "auc": 0.5939552179740238}, "dataset_name": "QPM2_species", "model_name": "resnet_ce_mse", "ood": "2:3"}