{"train_acc": 0.4702095687389374, "val_acc": 0.47313398122787476, "test_acc": 0.5240278840065002, "knn_f_l2": {"kld": 0.1330853617920299, "emd": 17.47125572803266, "auc": 0.5866467363405956}, "knn_f_ip": {"kld": 0.32205375578340933, "emd": 32.00928871376734, "auc": 0.6588616500683487}, "knn_l_l2": {"kld": 0.31180602632314997, "emd": 0.08305876750395022, "auc": 0.574336064370838}, "knn_l_ip": {"kld": 0.10463125709207031, "emd": 3.867581535972923, "auc": 0.5402018333055262}, "knn_f_fp_l2": {"kld": 1.162867679142601, "emd": 0.4382449533738535, "auc": 0.6832465980102117}, "knn_f_fp_ip": {"kld": 0.2276916020194286, "emd": 34.646449055611996, "auc": 0.6670470622581095}, "knn_l_fp_l2": {"kld": 0.0867261597405381, "emd": 0.002108619999152534, "auc": 0.5922228831130625}, "knn_l_fp_ip": {"kld": 0.10400664253451389, "emd": 5.170177836778887, "auc": 0.5401333653464876}, "rcn_l2": {"kld": 0.17474079986798696, "emd": 0.010844678531631038, "auc": 0.594571376765252}, "emb_l2": {"kld": 0.09755940929002416, "emd": 0.04165076724236422, "auc": 0.586635048405691}, "lgt_l2": {"kld": 1.4934543100701327, "emd": 4.7772304280079325, "auc": 0.6054242950941532}, "rcn_ip": {"kld": 0.3945622543144341, "emd": 0.08258309906902472, "auc": 0.5999069938168828}, "emb_ip": {"kld": 0.33237202394886417, "emd": 0.09840135374334694, "auc": 0.6743587540892348}, "lgt_ip": {"kld": 0.01834309931714259, "emd": 0.164648278309487, "auc": 0.5114310743779266}, "dataset_name": "QPM2_species", "model_name": "z_resnet_ce_mse", "ood": "0:1"}