{"train_acc": 0.9851846694946289, "val_acc": 0.9721068143844604, "test_acc": 0.9245008230209351, "knn_f_l2": {"kld": 1.32276515379356, "emd": 0.23265236535668327, "auc": 0.7061687620174262}, "knn_f_ip": {"kld": 0.26132813988846887, "emd": 20.547702768396327, "auc": 0.6117116431323022}, "knn_l_l2": {"kld": 0.17778735144031876, "emd": 0.006071212835112434, "auc": 0.658020046233761}, "knn_l_ip": {"kld": 0.3543840204766556, "emd": 14.26300110708623, "auc": 0.6114174552329267}, "rcn_l2": {"kld": 0.6823465922438127, "emd": 1.5133790389660353e-05, "auc": 0.5828422094533796}, "rcn_ip": {"kld": 0.323544274033459, "emd": 0.005230995107043879, "auc": 0.6119729050055582}, "dataset_name": "QPM2_species", "model_name": "resnet_ce_mse", "ood": "0:1"}