{"train_acc": 0.23189745843410492, "val_acc": 0.23140835762023926, "test_acc": 0.3734833300113678, "knn_f_l2": {"kld": 0.03044371568231488, "emd": 118.82839212648109, "auc": 0.5582505586659603}, "knn_f_ip": {"kld": 0.05006971709892434, "emd": 193.1220551193119, "auc": 0.5686539660994361}, "knn_l_l2": {"kld": 0.0551866711582996, "emd": 728.8497522524867, "auc": 0.6050639682656157}, "knn_l_ip": {"kld": 0.14382848341540225, "emd": 2040.6679455272508, "auc": 0.5871535781237477}, "knn_f_fp_l2": {"kld": 0.4961999039424744, "emd": 0.3378264204941252, "auc": 0.6872906545066928}, "knn_f_fp_ip": {"kld": 0.04962106016597517, "emd": 460.27243539976547, "auc": 0.5684605532926464}, "knn_l_fp_l2": {"kld": 0.02048977282611901, "emd": 0.2207659007424974, "auc": 0.5120488344173063}, "knn_l_fp_ip": {"kld": 0.15151373679926144, "emd": 5233.764463501035, "auc": 0.5904231826620305}, "rcn_l2": {"kld": 0.33079258384305865, "emd": 0.004270054954820478, "auc": 0.6396591020854471}, "emb_l2": {"kld": 0.045600977131295226, "emd": 0.5266875214369355, "auc": 0.5523851708561428}, "lgt_l2": {"kld": 0.026350070687000144, "emd": 515.1285062337815, "auc": 0.5268279578065888}, "rcn_ip": {"kld": 0.2723393084294992, "emd": 0.07038463344740549, "auc": 0.6235798670266375}, "emb_ip": {"kld": 0.3778963122188659, "emd": 0.027414710306394943, "auc": 0.5318368678230369}, "lgt_ip": {"kld": 0.1747168703750412, "emd": 0.0718480983555151, "auc": 0.519727210149791}, "dataset_name": "QPM2_species", "model_name": "z_resnet_edl_mse", "ood": "0:1"}