{"train_acc": 0.8549221158027649, "val_acc": 0.7661284804344177, "test_acc": 0.7463570237159729, "knn_f_l2": {"kld": 0.17601633058131982, "emd": 0.429384422217087, "auc": 0.6295161750873421}, "knn_f_ip": {"kld": 0.3170281131908955, "emd": 13.526613885370542, "auc": 0.6930820470745369}, "knn_l_l2": {"kld": 0.021468765342132778, "emd": 0.009981246284484114, "auc": 0.5534049251713249}, "knn_l_ip": {"kld": 0.06359459029026165, "emd": 5.810102543856385, "auc": 0.5463794820376342}, "rcn_l2": {"kld": 0.117088875544614, "emd": 3.258885264448346e-05, "auc": 0.6312245932588562}, "rcn_ip": {"kld": 2.1050240099469466, "emd": 0.007283013700787487, "auc": 0.7398255712230135}, "dataset_name": "QPM_species", "model_name": "resnet_ce_mse", "ood": "1:4"}