{"train_acc": 0.3038945198059082, "val_acc": 0.2924953103065491, "test_acc": 0.3888888955116272, "knn_f_l2": {"kld": 0.017922581617462883, "emd": 19.58821655579166, "auc": 0.50570072138115}, "knn_f_ip": {"kld": 0.03183329955066238, "emd": 26.892863664470738, "auc": 0.5430239123138692}, "knn_l_l2": {"kld": 0.24301873112588737, "emd": 439.1682339012076, "auc": 0.501966762484821}, "knn_l_ip": {"kld": 0.02455456818800137, "emd": 721.3512344221383, "auc": 0.522104545211363}, "knn_f_fp_l2": {"kld": 0.018587160315793133, "emd": 0.9353757723215897, "auc": 0.544252559298078}, "knn_f_fp_ip": {"kld": 0.026438512583248173, "emd": 68.80595678666467, "auc": 0.5366426192026984}, "knn_l_fp_l2": {"kld": 0.0184425396130277, "emd": 1.1786700107092623, "auc": 0.5243880122795296}, "knn_l_fp_ip": {"kld": 0.02150621879434676, "emd": 1841.5347733627902, "auc": 0.5191466107185694}, "rcn_l2": {"kld": 0.03532595427076424, "emd": 0.0021403937164578735, "auc": 0.5269977486388566}, "emb_l2": {"kld": 0.037356899261773026, "emd": 0.11309172862458744, "auc": 0.5301033237281894}, "lgt_l2": {"kld": 0.09962758992984705, "emd": 2200.922170458378, "auc": 0.5933740894864732}, "rcn_ip": {"kld": 0.7529498109490582, "emd": 0.05399863910479624, "auc": 0.6854029183712065}, "emb_ip": {"kld": 0.2001531119009257, "emd": 0.07607585538131183, "auc": 0.6432916969160271}, "lgt_ip": {"kld": 0.19894137936042983, "emd": 0.3571266120544668, "auc": 0.6399844853440682}, "dataset_name": "QPM_species", "model_name": "z_resnet_edl_mse", "ood": "1:4"}