{"train_acc": 0.7768017649650574, "val_acc": 0.7872549295425415, "test_acc": 0.7775831818580627, "knn_f_l2": {"kld": 3.6003255060874007, "emd": 16.334010604839428, "auc": 0.9591804340146497}, "knn_f_ip": {"kld": 3.180347800858116, "emd": 536.1048547965788, "auc": 0.6202798449989462}, "knn_l_l2": {"kld": 1.5281543225024434, "emd": 45.467686796917505, "auc": 0.9372352383116074}, "knn_l_ip": {"kld": 2.9331773253205022, "emd": 2178.619189384177, "auc": 0.6333512874412932}, "rcn_l2": {"kld": 1.265257753533943, "emd": 0.002096572335570826, "auc": 0.825964613058023}, "rcn_ip": {"kld": 0.9795922156693379, "emd": 0.013293697458114657, "auc": 0.8345427468058767}, "dataset_name": "MNIST", "model_name": "resnet_edl_mse", "ood": "5:6:7:8:9"}