{"knn_u_l2": {"kld": 0.34951694213166773, "emd": 2.8694715812862808, "auc": 0.5189434820765494}, "knn_u_ip": {"kld": 0.04147664636878664, "emd": 5.862815503963847, "auc": 0.5285079890786294}, "knn_v_l2": {"kld": 0.17389523125189504, "emd": 0.3059326384268435, "auc": 0.539799550352576}, "knn_v_ip": {"kld": 0.014431265256100275, "emd": 2.265441547411743, "auc": 0.5568632314914008}, "rcn_l2": {"kld": 0.02697960238994654, "emd": 0.00011761846931138889, "auc": 0.5072984477867946}, "rcn_ip": {"kld": 0.873897589320306, "emd": 0.03145012048305254, "auc": 0.6127983217937016}, "dataset_name": "QPM2_species", "model_name": "flow_ss_vcr_mse", "ood": "2:3"}