{"train_acc": 0.9001874923706055, "val_acc": 0.8941666483879089, "test_acc": 0.8906999826431274, "ftrain_acc": 0.8262083530426025, "fval_acc": 0.824833333492279, "ftest_acc": 0.8230999708175659, "knn_f_l2": {}, "knn_f_ip": {}, "knn_l_l2": {}, "knn_l_ip": {}, "rcn_l2": {}, "rcn_ip": {}, "frcn_l2": {}, "femb_l2": {}, "flgt_l2": {}, "frcn_ip": {}, "femb_ip": {}, "flgt_ip": {}, "dataset_name": "MNIST", "model_name": "resnet_edl_mse", "ood": ""}