{"train_acc": 1.0, "val_acc": 0.9179999828338623, "test_acc": 0.9128000140190125, "knn_f_l2": {"kld": 0.08536988266112004, "emd": 2.487211983712513, "auc": 0.5913577}, "knn_f_ip": {"kld": 0.5868958965424541, "emd": 146.14385008392333, "auc": 0.75425168}, "knn_l_l2": {"kld": 0.10769264853489549, "emd": 1.357944478611151, "auc": 0.57173687}, "knn_l_ip": {"kld": 0.5306329229629971, "emd": 249.815718724823, "auc": 0.7647392933333333}, "rcn_l2": {"kld": 0.11886971279142941, "emd": 0.00017883749740334063, "auc": 0.5510828066666666}, "rcn_ip": {"kld": 0.06554056200828676, "emd": 0.0002769944787025452, "auc": 0.51647343}, "dataset_name": "CIFAR10", "model_name": "resnet_ce_mse", "ood": "0:1:2:3:4"}