{"train_acc": 0.8639910817146301, "val_acc": 0.8134394288063049, "test_acc": 0.7222222089767456, "ftrain_acc": 0.7157190442085266, "fval_acc": 0.7055702805519104, "ftest_acc": 0.5152778029441833, "knn_f_l2": {}, "knn_f_ip": {}, "knn_l_l2": {}, "knn_l_ip": {}, "rcn_l2": {}, "rcn_ip": {}, "frcn_l2": {}, "femb_l2": {}, "flgt_l2": {}, "frcn_ip": {}, "femb_ip": {}, "flgt_ip": {}, "dataset_name": "rbc2_phase", "model_name": "resnet_edl_mse", "ood": ""}