{"train_acc": 0.5209088921546936, "val_acc": 0.5194695591926575, "test_acc": 0.4823910892009735, "knn_f_l2": {"kld": 0.028889546593716363, "emd": 51.8915138103177, "auc": 0.5681596037833408}, "knn_f_ip": {"kld": 0.06594627831257036, "emd": 150.9676923889411, "auc": 0.599666923826478}, "knn_l_l2": {"kld": 0.09920494165419268, "emd": 425.10370311932, "auc": 0.5571969559939339}, "knn_l_ip": {"kld": 0.06544930294478833, "emd": 4544.058896080156, "auc": 0.5998344783474865}, "knn_f_fp_l2": {"kld": 0.01783785073399717, "emd": 0.45971813522406846, "auc": 0.557139462307297}, "knn_f_fp_ip": {"kld": 0.07374962499721213, "emd": 383.08188856567136, "auc": 0.6022041377833589}, "knn_l_fp_l2": {"kld": 0.01659597176238139, "emd": 0.21997072052385983, "auc": 0.5055829263523162}, "knn_l_fp_ip": {"kld": 0.06500601792691446, "emd": 9517.905058277933, "auc": 0.6001581998089616}, "rcn_l2": {"kld": 0.7487891504398179, "emd": 0.0044886818923828104, "auc": 0.6291733271744089}, "emb_l2": {"kld": 0.03316611809405477, "emd": 0.4827088476392243, "auc": 0.5683163508954825}, "lgt_l2": {"kld": 0.03680480166160442, "emd": 3805.8109570634715, "auc": 0.5912094513395537}, "rcn_ip": {"kld": 0.9505599006927828, "emd": 0.04414536318940337, "auc": 0.5842573121329498}, "emb_ip": {"kld": 0.04128493266659187, "emd": 0.030113631511610516, "auc": 0.5235720178943155}, "lgt_ip": {"kld": 0.05804585727282526, "emd": 0.10997045808646429, "auc": 0.553879816099202}, "dataset_name": "QPM2_species", "model_name": "z_resnet_edl_mse", "ood": "2:3"}