{"train_acc": 0.9276027679443359, "val_acc": 0.9268831610679626, "test_acc": 0.9302612543106079, "knn_f_l2": {"kld": 1.9179772765885783, "emd": 13.098541088742943, "auc": 0.9017688954559823}, "knn_f_ip": {"kld": 0.7504103696061055, "emd": 79.52131520182358, "auc": 0.8038902908438184}, "knn_l_l2": {"kld": 1.927005953332596, "emd": 14.062955408231408, "auc": 0.9036265433853344}, "knn_l_ip": {"kld": 1.277000293858421, "emd": 130.08245347288593, "auc": 0.8863647888997063}, "knn_f_fp_l2": {"kld": 1.7116203360737148, "emd": 7.751864686038016, "auc": 0.8934030753419959}, "knn_f_fp_ip": {"kld": 0.7342768051351445, "emd": 73.34951382618843, "auc": 0.7734160033714081}, "knn_l_fp_l2": {"kld": 1.5871051718569251, "emd": 5.6983668479073, "auc": 0.8814510583244561}, "knn_l_fp_ip": {"kld": 1.1819136627126627, "emd": 125.1539112694712, "auc": 0.8748170081101984}, "rcn_l2": {"kld": 0.4695317078652617, "emd": 0.008322126487381874, "auc": 0.7427614879893012}, "emb_l2": {"kld": 0.5915329560222488, "emd": 0.03842356379993916, "auc": 0.6721557090386855}, "lgt_l2": {"kld": 0.47534334040971415, "emd": 3.2036168623806778, "auc": 0.6699967908758981}, "rcn_ip": {"kld": 0.4649854388425658, "emd": 0.04379540608931144, "auc": 0.7432352230974497}, "emb_ip": {"kld": 0.5565276447666276, "emd": 0.03745907291643949, "auc": 0.7687568237782711}, "lgt_ip": {"kld": 0.6991463407374502, "emd": 0.13432672927377565, "auc": 0.8027837086335226}, "dataset_name": "MNIST", "model_name": "z_resnet_ce_mse", "ood": "0:1:2:3:4"}