{"train_acc": 0.9791695475578308, "val_acc": 0.9699155688285828, "test_acc": 0.9012372493743896, "knn_f_l2": {"kld": 1.3694385262366868, "emd": 0.2589160660505179, "auc": 0.7400383907298712}, "knn_f_ip": {"kld": 0.2798495912588667, "emd": 318.2206582619443, "auc": 0.6011337450029591}, "knn_l_l2": {"kld": 0.8555526353391775, "emd": 0.6128326787427476, "auc": 0.736494247115222}, "knn_l_ip": {"kld": 0.38239426407560834, "emd": 3632.4695600657433, "auc": 0.6233357589386896}, "rcn_l2": {"kld": 0.8380510836769327, "emd": 4.744651695832535e-05, "auc": 0.5749457764535761}, "rcn_ip": {"kld": 0.36417090351913356, "emd": 0.011836256054091672, "auc": 0.6178245678617806}, "dataset_name": "QPM2_species", "model_name": "resnet_edl_mse", "ood": "0:1"}