{"knn_u_l2": {"kld": 0.20456582955392436, "emd": 4.829553308161333, "auc": 0.5100644832382772}, "knn_u_ip": {"kld": 0.1523049407807617, "emd": 11.287279314899276, "auc": 0.6086711969166492}, "knn_v_l2": {"kld": 0.15266300952826728, "emd": 1.0022976951597729, "auc": 0.6163856683817821}, "knn_v_ip": {"kld": 0.03826377385336131, "emd": 5.589458487147575, "auc": 0.6972046694281455}, "rcn_l2": {"kld": 0.7023111363436233, "emd": 0.00045336803308358904, "auc": 0.6890034087685508}, "rcn_ip": {"kld": 1.5266157077394937, "emd": 0.03601732654734523, "auc": 0.7564013945499517}, "dataset_name": "QPM_species", "model_name": "flow_ss_vcr_mse", "ood": "1:4"}