{"knn_u_l2": {"kld": 0.17338166307783484, "emd": 21.915278589507864, "auc": 0.5809588550045464}, "knn_u_ip": {"kld": 0.25364899159885523, "emd": 29.56244364036266, "auc": 0.5538924249842624}, "knn_v_l2": {"kld": 0.18102747793142593, "emd": 5.8407097567575565, "auc": 0.6686149192138211}, "knn_v_ip": {"kld": 0.14556662396837133, "emd": 2.3435957916874393, "auc": 0.5638988948730503}, "rcn_l2": {"kld": 0.3388946336318027, "emd": 0.0011116147265606271, "auc": 0.648967003567182}, "rcn_ip": {"kld": 0.08709657585883664, "emd": 0.002368850285908997, "auc": 0.5059343743442679}, "dataset_name": "rbc_phase", "model_name": "flow_ss_vcr_mse", "ood": "0"}