{"train_acc": 0.893831193447113, "val_acc": 0.7543251514434814, "test_acc": 0.7404940724372864, "knn_f_l2": {"kld": 0.13578597435005352, "emd": 0.2903202152683759, "auc": 0.5584486949850449}, "knn_f_ip": {"kld": 0.35744655562478456, "emd": 55.03759829984988, "auc": 0.7046329772773647}, "knn_l_l2": {"kld": 0.0316740690723154, "emd": 0.2694169146764509, "auc": 0.5322825315930853}, "knn_l_ip": {"kld": 0.07004567365695213, "emd": 1026.880849835217, "auc": 0.5742412717764291}, "rcn_l2": {"kld": 0.032607162522413996, "emd": 2.1714111242272663e-05, "auc": 0.5768460216569868}, "rcn_ip": {"kld": 2.333552631304049, "emd": 0.007762981012110718, "auc": 0.7460706255692168}, "dataset_name": "QPM_species", "model_name": "resnet_edl_mse", "ood": "1:4"}