{"train_acc": 0.652649998664856, "val_acc": 0.620199978351593, "test_acc": 0.6087999939918518, "knn_f_l2": {"kld": 0.024359021359177408, "emd": 3.5942456622441603, "auc": 0.5502504233333333}, "knn_f_ip": {"kld": 0.1477516172152205, "emd": 74.55412238871256, "auc": 0.6283644566666666}, "knn_l_l2": {"kld": 0.03759287706068106, "emd": 6.586307737346491, "auc": 0.5787309866666667}, "knn_l_ip": {"kld": 0.12108079224850074, "emd": 119.66651865997315, "auc": 0.6231474766666667}, "knn_f_fp_l2": {"kld": 0.013325469521994532, "emd": 0.4636391276677448, "auc": 0.50506409}, "knn_f_fp_ip": {"kld": 0.1378581883049306, "emd": 81.88336615295411, "auc": 0.6191061166666667}, "knn_l_fp_l2": {"kld": 0.014904411418386838, "emd": 1.5416415133794146, "auc": 0.52735816}, "knn_l_fp_ip": {"kld": 0.10782771643494476, "emd": 134.00915545603434, "auc": 0.6193170433333334}, "rcn_l2": {"kld": 0.10938306316321003, "emd": 0.001745825883815996, "auc": 0.5456798266666667}, "emb_l2": {"kld": 0.19458959516280724, "emd": 0.036432826409582036, "auc": 0.5485994166666667}, "lgt_l2": {"kld": 0.5348530107985867, "emd": 9.464793493586775, "auc": 0.5508599233333333}, "rcn_ip": {"kld": 0.06962022896988118, "emd": 0.002702361567815145, "auc": 0.5081070666666667}, "emb_ip": {"kld": 0.05048624973007879, "emd": 0.010908788390954336, "auc": 0.5446307966666666}, "lgt_ip": {"kld": 0.06443431629682345, "emd": 0.05239533117801572, "auc": 0.5707227533333333}, "dataset_name": "CIFAR10", "model_name": "resnet_ce_mse", "ood": "0:1:2:3:4"}