{"train_acc": 0.9991000294685364, "val_acc": 0.9300000071525574, "test_acc": 0.9246000051498413, "knn_f_l2": {"kld": 0.25535037039336855, "emd": 13.083304374647115, "auc": 0.5011284466666667}, "knn_f_ip": {"kld": 0.3460584314851183, "emd": 908.2986943101247, "auc": 0.7267493233333333}, "knn_l_l2": {"kld": 0.21097274878447883, "emd": 0.8251725194442079, "auc": 0.61171199}, "knn_l_ip": {"kld": 0.25903063028287576, "emd": 199.547526510938, "auc": 0.6928473666666667}, "dataset_name": "CIFAR10", "model_name": "resnet50_vicreg_ce", "ood": "5:6:7:8:9"}