{"train_acc": 1.0, "val_acc": 0.8546000123023987, "test_acc": 0.840399980545044, "knn_f_l2": {"kld": 0.05434565971617362, "emd": 1.519409934902192, "auc": 0.56744761}, "knn_f_ip": {"kld": 0.05667645487735035, "emd": 39.72476192982992, "auc": 0.54583344}, "knn_l_l2": {"kld": 0.024858808175227495, "emd": 0.6378203977147743, "auc": 0.5296222966666667}, "knn_l_ip": {"kld": 0.08624054860807451, "emd": 118.99172322794598, "auc": 0.6024224300000001}, "rcn_l2": {"kld": 0.07624091439118336, "emd": 0.0003100194728244483, "auc": 0.57649931}, "rcn_ip": {"kld": 0.04724603284440976, "emd": 0.00042896557251612344, "auc": 0.5427396533333333}, "dataset_name": "CIFAR10", "model_name": "resnet_ce_mse", "ood": "5:6:7:8:9"}