{"train_acc": 0.983892023563385, "val_acc": 0.9922186136245728, "test_acc": 0.9808743000030518, "knn_f_l2": {"kld": 3.5426735594754857, "emd": 1.3487461149946576, "auc": 0.7805181151677915}, "knn_f_ip": {"kld": 1.1185410299926504, "emd": 180.5770610551365, "auc": 0.7179394882150358}, "knn_l_l2": {"kld": 2.11702220912622, "emd": 0.004025248951509825, "auc": 0.8188660809488438}, "knn_l_ip": {"kld": 0.46944780064342956, "emd": 9.474154711696738, "auc": 0.5938445000908259}, "rcn_l2": {"kld": 2.6902368192387156, "emd": 0.0002468664265933539, "auc": 0.7359202252045448}, "rcn_ip": {"kld": 0.09573414902444455, "emd": 0.002117774681695389, "auc": 0.5734422007039626}, "dataset_name": "QPM_species", "model_name": "resnet_ce_mse", "ood": "0:2:3"}