{"train_acc": 0.9115130305290222, "val_acc": 0.820542573928833, "test_acc": 0.6161328554153442, "knn_f_l2": {"kld": 0.04082222664389288, "emd": 0.14293599937648518, "auc": 0.5478892269424304}, "knn_f_ip": {"kld": 0.332948657677389, "emd": 55.637202335631734, "auc": 0.6107380650026673}, "knn_l_l2": {"kld": 0.020801775020269423, "emd": 0.1621869296529969, "auc": 0.5183279554414051}, "knn_l_ip": {"kld": 0.06590173723083126, "emd": 534.1266498750634, "auc": 0.5673640994230924}, "rcn_l2": {"kld": 0.024831860219184532, "emd": 4.824384601176535e-06, "auc": 0.5302404013813851}, "rcn_ip": {"kld": 0.9997447378601358, "emd": 0.005758903906414156, "auc": 0.6386521431195966}, "dataset_name": "QPM2_species", "model_name": "resnet_edl_mse", "ood": "2:3"}