{"train_acc": 0.9516997337341309, "val_acc": 0.9690643548965454, "test_acc": 0.9491119980812073, "knn_f_l2": {"kld": 0.5878501114252275, "emd": 13.814611358044202, "auc": 0.7390504508010094}, "knn_f_ip": {"kld": 0.9852979977000637, "emd": 314.7446255892352, "auc": 0.7266729801514428}, "knn_l_l2": {"kld": 0.534414773470389, "emd": 0.47570632455922846, "auc": 0.6029307003481242}, "knn_l_ip": {"kld": 0.7060042358896454, "emd": 20.531715238468976, "auc": 0.6604323531762917}, "knn_f_fp_l2": {"kld": 4.289272939737244, "emd": 1.8466948231550067, "auc": 0.7981201616575592}, "knn_f_fp_ip": {"kld": 1.00993359825401, "emd": 423.0657205790118, "auc": 0.7278800190609851}, "knn_l_fp_l2": {"kld": 2.3844587240753214, "emd": 0.004017951053011858, "auc": 0.7680694146616552}, "knn_l_fp_ip": {"kld": 0.8015190200043252, "emd": 40.95075579132429, "auc": 0.6878799444096071}, "rcn_l2": {"kld": 1.4937131292270713, "emd": 0.005450824791394901, "auc": 0.7424507724706869}, "emb_l2": {"kld": 1.3417965566692336, "emd": 0.12510137158455845, "auc": 0.7685245936632178}, "lgt_l2": {"kld": 9.42450954977723, "emd": 10.09009218196876, "auc": 0.742751370630406}, "rcn_ip": {"kld": 0.4758755808393816, "emd": 0.08991295631535144, "auc": 0.6816969245809569}, "emb_ip": {"kld": 0.9286059219411509, "emd": 0.042547213622726815, "auc": 0.8090491136859616}, "lgt_ip": {"kld": 0.4721766367726516, "emd": 0.18515679506985355, "auc": 0.8241396564761314}, "dataset_name": "QPM_species", "model_name": "resnet_ce_mse", "ood": "0:2:3"}