{"knn_u_l2": {"kld": 0.04372117675290584, "emd": 26.77800869140625, "auc": 0.5502628133333334}, "knn_u_ip": {"kld": 0.05998883492889874, "emd": 72.96074758504231, "auc": 0.5326648333333334}, "knn_v_l2": {"kld": 0.05095055883691382, "emd": 0.4244968728661533, "auc": 0.5574516433333333}, "knn_v_ip": {"kld": 0.03888441174041117, "emd": 0.05514172193209326, "auc": 0.5444006333333333}, "rcn_l2": {"kld": 0.09422674926964947, "emd": 0.000559764685295522, "auc": 0.5579654033333333}, "rcn_ip": {"kld": 0.08565071891351926, "emd": 0.0010483960270881653, "auc": 0.53192343}, "dataset_name": "CIFAR10", "model_name": "flow_ss_vcr_mse", "ood": "0:1:2:3:4"}