{"knn_u_l2": {"kld": 1.3997572383148553, "emd": 68.45587288608856, "auc": 0.8653411056559425}, "knn_u_ip": {"kld": 0.524275027924803, "emd": 27.98839197872543, "auc": 0.7517556649071125}, "knn_v_l2": {"kld": 0.5479982306322548, "emd": 0.25726446104469664, "auc": 0.7432802930276576}, "knn_v_ip": {"kld": 0.15777892035226554, "emd": 0.03451853476766456, "auc": 0.5740639246352935}, "rcn_l2": {"kld": 0.20432079610597245, "emd": 0.0013938426417682455, "auc": 0.6656804398028447}, "rcn_ip": {"kld": 0.30955141866453606, "emd": 0.009183383744642639, "auc": 0.6969554654802992}, "dataset_name": "MNIST", "model_name": "flow_ss_vcr_mse", "ood": "0:1:2:3:4"}