{"knn_u_l2": {"kld": 0.7762827397741737, "emd": 55.262447443259894, "auc": 0.7091085542421487}, "knn_u_ip": {"kld": 0.4634534073703147, "emd": 14.465890857317387, "auc": 0.5272762642512415}, "knn_v_l2": {"kld": 0.42391731841596425, "emd": 25.904943918994405, "auc": 0.6908879485206687}, "knn_v_ip": {"kld": 0.523944613661929, "emd": 8.101926107813453, "auc": 0.575994963978457}, "rcn_l2": {"kld": 0.565719087109177, "emd": 0.0035180504637906487, "auc": 0.7058845387144157}, "rcn_ip": {"kld": 0.43259481744823114, "emd": 0.009444309190731744, "auc": 0.6264863258026159}, "dataset_name": "rbc_phase", "model_name": "flow_ss_vcr_mse", "ood": "1"}