{"train_acc": 0.8152884244918823, "val_acc": 0.8155228495597839, "test_acc": 0.8166958689689636, "knn_f_l2": {"kld": 1.1055063152298517, "emd": 5.676785860507794, "auc": 0.7375232707018062}, "knn_f_ip": {"kld": 0.1044807159550075, "emd": 31.587188489435, "auc": 0.5864902564109554}, "knn_l_l2": {"kld": 0.7834037223777005, "emd": 6.6933535684027134, "auc": 0.7199806022943039}, "knn_l_ip": {"kld": 0.1622519502821346, "emd": 58.84769891412174, "auc": 0.6421710761563966}, "knn_f_fp_l2": {"kld": 1.2121059726071828, "emd": 3.6257479369612673, "auc": 0.7721622336943378}, "knn_f_fp_ip": {"kld": 0.08425915437669561, "emd": 24.406554953475315, "auc": 0.5692238904521713}, "knn_l_fp_l2": {"kld": 1.2339316927478627, "emd": 2.1744269741203794, "auc": 0.7120489811235399}, "knn_l_fp_ip": {"kld": 0.12546282107593895, "emd": 49.179316874254845, "auc": 0.6256973373543948}, "rcn_l2": {"kld": 0.43119922644223824, "emd": 0.007403844834065223, "auc": 0.6311600031881817}, "emb_l2": {"kld": 0.3399134576389141, "emd": 0.040378917808185456, "auc": 0.5125517444177787}, "lgt_l2": {"kld": 0.4688061200755321, "emd": 2.479303687420262, "auc": 0.5349675007362092}, "rcn_ip": {"kld": 0.2926784800701125, "emd": 0.06836335484001868, "auc": 0.6877478276679363}, "emb_ip": {"kld": 0.27826640113886814, "emd": 0.05496489052556803, "auc": 0.681961712460148}, "lgt_ip": {"kld": 0.40445826779240013, "emd": 0.21689354469133398, "auc": 0.7316041650463816}, "dataset_name": "MNIST", "model_name": "z_resnet_ce_mse", "ood": "5:6:7:8:9"}