{"train_acc": 0.7242196202278137, "val_acc": 0.7343137264251709, "test_acc": 0.7267950773239136, "knn_f_l2": {"kld": 2.102662956584385, "emd": 13.157869950272712, "auc": 0.836275728530594}, "knn_f_ip": {"kld": 0.8202629250711115, "emd": 335.5400329535627, "auc": 0.5492731908481923}, "knn_l_l2": {"kld": 1.5487633670291077, "emd": 32.11887889756455, "auc": 0.818218223308839}, "knn_l_ip": {"kld": 0.6640129946862243, "emd": 1306.4772260356376, "auc": 0.5589541378596652}, "knn_f_fp_l2": {"kld": 2.4281582579043284, "emd": 5.66345594113096, "auc": 0.8497439615859893}, "knn_f_fp_ip": {"kld": 0.7605692132744546, "emd": 331.90600910263015, "auc": 0.5429957299435251}, "knn_l_fp_l2": {"kld": 1.91091460651198, "emd": 5.370154692894077, "auc": 0.8064773384260191}, "knn_l_fp_ip": {"kld": 0.6199411728277882, "emd": 1298.0102521050803, "auc": 0.5538271652894137}, "rcn_l2": {"kld": 1.5198672325506966, "emd": 0.025766092816388697, "auc": 0.8409653824183823}, "emb_l2": {"kld": 1.7677652657807277, "emd": 0.27507828461567935, "auc": 0.762858709120934}, "lgt_l2": {"kld": 1.474414052925637, "emd": 64.57659364886034, "auc": 0.7592180175308533}, "rcn_ip": {"kld": 1.1002411742569733, "emd": 0.09590260067355008, "auc": 0.8650949936433712}, "emb_ip": {"kld": 1.2705149171669492, "emd": 0.14426123078055245, "auc": 0.8914727073565303}, "lgt_ip": {"kld": 1.6859721111912875, "emd": 0.4373374163769835, "auc": 0.8877106615570576}, "dataset_name": "MNIST", "model_name": "resnet_edl_mse", "ood": "5:6:7:8:9"}